,Daily Mean Returns,Standard Deviation
TLT,0.00011552338533652739,0.007574965882967452
