,Mean Daily Returns,Standard Deviation
SMH,0.000857071242424036,0.014656020301886293
XLU,0.0003591131886011731,0.00876133781580882
QQQ,0.0006732178409991288,0.010814180642108083
TLT,0.00011552338533652739,0.007574965882967452
